{
  "config_0_samples_10000": {
    "C": 43345950504,
    "D": 138466,
    "N": 52174,
    "train_loss": 1.613600492477417,
    "val_loss": 1.6152310371398926
  },
  "config_0_samples_2000": {
    "C": 8671631844,
    "D": 27701,
    "N": 52174,
    "train_loss": 2.0011909008026123,
    "val_loss": 2.0125691890716553
  },
  "config_0_samples_200000": {
    "C": 845081373684,
    "D": 2699561,
    "N": 52174,
    "train_loss": 0.46087345480918884,
    "val_loss": 0.4754147529602051
  },
  "config_0_samples_50000": {
    "C": 211684422372,
    "D": 676213,
    "N": 52174,
    "train_loss": 1.1447962522506714,
    "val_loss": 1.143406867980957
  },
  "config_1_samples_10000": {
    "C": 331390587324,
    "D": 138163,
    "N": 399758,
    "train_loss": 1.3859320878982544,
    "val_loss": 1.4170317649841309
  },
  "config_1_samples_2000": {
    "C": 66245497212,
    "D": 27619,
    "N": 399758,
    "train_loss": 1.8306756019592285,
    "val_loss": 1.8758639097213745
  },
  "config_1_samples_200000": {
    "C": 6470526961380,
    "D": 2697685,
    "N": 399758,
    "train_loss": 0.015967976301908493,
    "val_loss": 0.01757904142141342
  },
  "config_1_samples_50000": {
    "C": 1621696679568,
    "D": 676116,
    "N": 399758,
    "train_loss": 0.2482641637325287,
    "val_loss": 0.24828383326530457
  },
  "config_2_samples_10000": {
    "C": 2620935573048,
    "D": 138198,
    "N": 3160846,
    "train_loss": 0.8864502906799316,
    "val_loss": 0.9258121848106384
  },
  "config_2_samples_2000": {
    "C": 520837882188,
    "D": 27463,
    "N": 3160846,
    "train_loss": 1.7600624561309814,
    "val_loss": 1.7727444171905518
  },
  "config_2_samples_200000": {
    "C": 51180329928312,
    "D": 2698662,
    "N": 3160846,
    "train_loss": 0.012856801971793175,
    "val_loss": 0.009785199537873268
  },
  "config_2_samples_50000": {
    "C": 12822496499436,
    "D": 676111,
    "N": 3160846,
    "train_loss": 0.0938451811671257,
    "val_loss": 0.11340455710887909
  },
  "config_3_samples_10000": {
    "C": 8820927178716,
    "D": 138139,
    "N": 10642574,
    "train_loss": 1.3985395431518555,
    "val_loss": 1.4126336574554443
  },
  "config_3_samples_2000": {
    "C": 1759856036640,
    "D": 27560,
    "N": 10642574,
    "train_loss": 1.8332486152648926,
    "val_loss": 1.8390647172927856
  },
  "config_3_samples_200000": {
    "C": 172257595132392,
    "D": 2697618,
    "N": 10642574,
    "train_loss": 0.015658104792237282,
    "val_loss": 0.016639258712530136
  },
  "config_3_samples_50000": {
    "C": 43201592204532,
    "D": 676553,
    "N": 10642574,
    "train_loss": 0.11591711640357971,
    "val_loss": 0.11709832400083542
  }
}