{
  "config_0_samples_10000_epochs_10_lr_3em04": {
    "C": 144150501120,
    "D": 460480,
    "N": 52174,
    "config_idx": 0,
    "epochs": 10,
    "learning_rate": 0.0003,
    "num_steps": 400,
    "num_train_samples": 10000,
    "train_loss": 1.2232141494750977,
    "val_loss": 1.2321958541870117,
    "val_seed": 12345
  },
  "config_0_samples_10000_epochs_3_lr_3em04": {
    "C": 43207272012,
    "D": 138023,
    "N": 52174,
    "config_idx": 0,
    "epochs": 3,
    "learning_rate": 0.0003,
    "num_steps": 120,
    "num_train_samples": 10000,
    "train_loss": 1.5602372884750366,
    "val_loss": 1.5685746669769287,
    "val_seed": 12345
  },
  "config_0_samples_200000_epochs_10_lr_3em04": {
    "C": 2815474222884,
    "D": 8993861,
    "N": 52174,
    "config_idx": 0,
    "epochs": 10,
    "learning_rate": 0.0003,
    "num_steps": 7820,
    "num_train_samples": 200000,
    "train_loss": 0.5309759378433228,
    "val_loss": 0.5309958457946777,
    "val_seed": 12345
  },
  "config_0_samples_200000_epochs_3_lr_3em04": {
    "C": 845284852284,
    "D": 2700211,
    "N": 52174,
    "config_idx": 0,
    "epochs": 3,
    "learning_rate": 0.0003,
    "num_steps": 2346,
    "num_train_samples": 200000,
    "train_loss": 0.762764573097229,
    "val_loss": 0.768618106842041,
    "val_seed": 12345
  },
  "config_0_samples_2000_epochs_10_lr_3em04": {
    "C": 28812256716,
    "D": 92039,
    "N": 52174,
    "config_idx": 0,
    "epochs": 10,
    "learning_rate": 0.0003,
    "num_steps": 80,
    "num_train_samples": 2000,
    "train_loss": 1.7095909118652344,
    "val_loss": 1.728910207748413,
    "val_seed": 12345
  },
  "config_0_samples_2000_epochs_3_lr_3em04": {
    "C": 8648779632,
    "D": 27628,
    "N": 52174,
    "config_idx": 0,
    "epochs": 3,
    "learning_rate": 0.0003,
    "num_steps": 24,
    "num_train_samples": 2000,
    "train_loss": 1.9820468425750732,
    "val_loss": 1.9998805522918701,
    "val_seed": 12345
  },
  "config_0_samples_50000_epochs_10_lr_3em04": {
    "C": 705819993756,
    "D": 2254699,
    "N": 52174,
    "config_idx": 0,
    "epochs": 10,
    "learning_rate": 0.0003,
    "num_steps": 1960,
    "num_train_samples": 50000,
    "train_loss": 0.7476522326469421,
    "val_loss": 0.7522698640823364,
    "val_seed": 12345
  },
  "config_0_samples_50000_epochs_3_lr_3em04": {
    "C": 211808387796,
    "D": 676609,
    "N": 52174,
    "config_idx": 0,
    "epochs": 3,
    "learning_rate": 0.0003,
    "num_steps": 588,
    "num_train_samples": 50000,
    "train_loss": 0.8784412145614624,
    "val_loss": 0.8774234652519226,
    "val_seed": 12345
  },
  "config_1_samples_10000_epochs_10_lr_3em04": {
    "C": 1102641298176,
    "D": 459712,
    "N": 399758,
    "config_idx": 1,
    "epochs": 10,
    "learning_rate": 0.0003,
    "num_steps": 400,
    "num_train_samples": 10000,
    "train_loss": 0.3455532193183899,
    "val_loss": 0.41339111328125,
    "val_seed": 12345
  },
  "config_1_samples_10000_epochs_3_lr_3em04": {
    "C": 331486529244,
    "D": 138203,
    "N": 399758,
    "config_idx": 1,
    "epochs": 3,
    "learning_rate": 0.0003,
    "num_steps": 120,
    "num_train_samples": 10000,
    "train_loss": 1.283097505569458,
    "val_loss": 1.3069220781326294,
    "val_seed": 12345
  },
  "config_1_samples_200000_epochs_10_lr_3em04": {
    "C": 21582168483672,
    "D": 8998014,
    "N": 399758,
    "config_idx": 1,
    "epochs": 10,
    "learning_rate": 0.0003,
    "num_steps": 7820,
    "num_train_samples": 200000,
    "train_loss": 0.005522816441953182,
    "val_loss": 0.006828571204096079,
    "val_seed": 12345
  },
  "config_1_samples_200000_epochs_3_lr_3em04": {
    "C": 6475285680612,
    "D": 2699669,
    "N": 399758,
    "config_idx": 1,
    "epochs": 3,
    "learning_rate": 0.0003,
    "num_steps": 2346,
    "num_train_samples": 200000,
    "train_loss": 0.02939916029572487,
    "val_loss": 0.03319806605577469,
    "val_seed": 12345
  },
  "config_1_samples_2000_epochs_10_lr_3em04": {
    "C": 220359401856,
    "D": 91872,
    "N": 399758,
    "config_idx": 1,
    "epochs": 10,
    "learning_rate": 0.0003,
    "num_steps": 80,
    "num_train_samples": 2000,
    "train_loss": 1.3679145574569702,
    "val_loss": 1.5059808492660522,
    "val_seed": 12345
  },
  "config_1_samples_2000_epochs_3_lr_3em04": {
    "C": 66305460912,
    "D": 27644,
    "N": 399758,
    "config_idx": 1,
    "epochs": 3,
    "learning_rate": 0.0003,
    "num_steps": 24,
    "num_train_samples": 2000,
    "train_loss": 1.7618046998977661,
    "val_loss": 1.7936960458755493,
    "val_seed": 12345
  },
  "config_1_samples_50000_epochs_10_lr_3em04": {
    "C": 5406171286380,
    "D": 2253935,
    "N": 399758,
    "config_idx": 1,
    "epochs": 10,
    "learning_rate": 0.0003,
    "num_steps": 1960,
    "num_train_samples": 50000,
    "train_loss": 0.02176695689558983,
    "val_loss": 0.032180603593587875,
    "val_seed": 12345
  },
  "config_1_samples_50000_epochs_3_lr_3em04": {
    "C": 1621823802612,
    "D": 676169,
    "N": 399758,
    "config_idx": 1,
    "epochs": 3,
    "learning_rate": 0.0003,
    "num_steps": 588,
    "num_train_samples": 50000,
    "train_loss": 0.19719234108924866,
    "val_loss": 0.21270078420639038,
    "val_seed": 12345
  },
  "config_2_samples_10000_epochs_10_lr_2em04": {
    "C": 3693379789764,
    "D": 460173,
    "N": 1337678,
    "config_idx": 2,
    "epochs": 10,
    "learning_rate": 0.0002,
    "num_steps": 400,
    "num_train_samples": 10000,
    "train_loss": 0.1830180287361145,
    "val_loss": 0.26985740661621094,
    "val_seed": 12345
  },
  "config_2_samples_10000_epochs_3_lr_2em04": {
    "C": 1107613436136,
    "D": 138002,
    "N": 1337678,
    "config_idx": 2,
    "epochs": 3,
    "learning_rate": 0.0002,
    "num_steps": 120,
    "num_train_samples": 10000,
    "train_loss": 1.2616772651672363,
    "val_loss": 1.2934610843658447,
    "val_seed": 12345
  },
  "config_2_samples_200000_epochs_10_lr_2em04": {
    "C": 72226714349088,
    "D": 8999016,
    "N": 1337678,
    "config_idx": 2,
    "epochs": 10,
    "learning_rate": 0.0002,
    "num_steps": 7820,
    "num_train_samples": 200000,
    "train_loss": 0.001409323187544942,
    "val_loss": 0.0028538343030959368,
    "val_seed": 12345
  },
  "config_2_samples_200000_epochs_3_lr_2em04": {
    "C": 21675151084392,
    "D": 2700594,
    "N": 1337678,
    "config_idx": 2,
    "epochs": 3,
    "learning_rate": 0.0002,
    "num_steps": 2346,
    "num_train_samples": 200000,
    "train_loss": 0.01625504158437252,
    "val_loss": 0.01880537159740925,
    "val_seed": 12345
  },
  "config_2_samples_2000_epochs_10_lr_2em04": {
    "C": 737290658616,
    "D": 91862,
    "N": 1337678,
    "config_idx": 2,
    "epochs": 10,
    "learning_rate": 0.0002,
    "num_steps": 80,
    "num_train_samples": 2000,
    "train_loss": 1.3247913122177124,
    "val_loss": 1.501255750656128,
    "val_seed": 12345
  },
  "config_2_samples_2000_epochs_3_lr_2em04": {
    "C": 221053964856,
    "D": 27542,
    "N": 1337678,
    "config_idx": 2,
    "epochs": 3,
    "learning_rate": 0.0002,
    "num_steps": 24,
    "num_train_samples": 2000,
    "train_loss": 1.716002106666565,
    "val_loss": 1.743337631225586,
    "val_seed": 12345
  },
  "config_2_samples_50000_epochs_10_lr_2em04": {
    "C": 18099553842528,
    "D": 2255096,
    "N": 1337678,
    "config_idx": 2,
    "epochs": 10,
    "learning_rate": 0.0002,
    "num_steps": 1960,
    "num_train_samples": 50000,
    "train_loss": 0.02093302644789219,
    "val_loss": 0.036678340286016464,
    "val_seed": 12345
  },
  "config_2_samples_50000_epochs_3_lr_2em04": {
    "C": 5427829136700,
    "D": 676275,
    "N": 1337678,
    "config_idx": 2,
    "epochs": 3,
    "learning_rate": 0.0002,
    "num_steps": 588,
    "num_train_samples": 50000,
    "train_loss": 0.13322989642620087,
    "val_loss": 0.15488190948963165,
    "val_seed": 12345
  },
  "config_3_samples_10000_epochs_10_lr_2em04": {
    "C": 8739998379372,
    "D": 460847,